South Bounding, West Bounding, North Bounding, East Bounding
-5.28,12.2495,-3.3973,14.3014
1.9516,13.7964,3.8336,15.8423
0.5046,13.4893,2.3871,15.5334
-0.9407,13.1813,0.941,15.2257
-2.387,12.8734,-0.5047,14.9184
-3.8335,12.5636,-1.9516,14.6119
-3.8335,12.5564,-1.9518,14.6044
-0.9409,8.5275,0.941,10.5715
-2.3866,8.2192,-0.5051,10.2644
-2.3865,14.3967,-0.505,16.4416
-3.8339,14.0874,-1.9518,16.1348
-5.2796,13.777,-3.3975,15.8287
-0.9406,8.5489,0.9409,10.5923
0.5048,13.4685,2.3869,15.5122
-2.387,12.853,-0.5051,14.8976
-3.8336,12.5437,-1.9516,14.5914
1.9519,13.7808,3.8338,15.8263
0.5048,13.4745,2.3868,15.5177
-0.9409,13.167,0.941,15.2108
-2.387,12.8588,-0.5051,14.9039
0.5051,11.9189,2.3868,13.9625
-0.941,11.6117,0.941,13.6553
-2.3864,11.304,-0.505,13.3485
-2.3868,14.3951,-0.5047,16.4398
-2.3868,9.7449,-0.5051,11.7899
1.9516,9.1289,3.8342,11.1747
0.5048,8.8218,2.3867,10.8658
-0.9411,8.5143,0.9412,10.5582
-2.3869,8.2063,-0.5051,10.2512
1.9512,12.2224,3.8338,14.2685
-0.941,11.6078,0.9409,13.6519
-2.3868,11.2998,-0.5047,13.3448
-2.3868,14.3977,-0.5051,16.4422
-3.8341,14.088,-1.9514,16.136
-5.2797,13.7778,-3.3972,15.8293
0.5046,10.4037,2.387,12.4482
-0.9408,10.0964,0.9411,12.1405
1.9516,13.7979,3.8341,15.8436
-0.9411,13.1835,0.9412,15.2274
-3.8341,12.5659,-1.9515,14.614
1.9516,9.1613,3.8339,11.2076
-0.9408,8.5471,0.941,10.5912
-2.3871,8.2388,-0.5049,10.2845
1.9514,12.2412,3.8341,14.2876
-0.9411,11.6267,0.9411,13.6709
-2.3868,11.3189,-0.5048,13.3642
-2.387,14.4002,-0.5048,16.4457
-3.8337,14.0913,-1.9515,16.139
1.9517,10.6714,3.834,12.7171
-2.387,9.7487,-0.505,11.7943
-3.8339,9.4397,-1.9513,11.4875
-2.3869,12.8351,-0.5047,14.8803
1.9517,9.1225,3.8341,11.1681
0.5049,8.8155,2.3867,10.8595
-0.9412,8.5081,0.9412,10.5521
-2.3869,14.3901,-0.5047,16.435
-3.8339,14.0807,-1.9515,16.1284
-3.8338,9.4605,-1.9516,11.5081
1.9515,12.2408,3.8342,14.2862
0.5049,11.934,2.3868,13.9776
-2.3866,11.319,-0.5047,13.3639
-5.2798,10.7002,-3.3973,12.7516
-0.9408,10.0831,0.941,12.1266
1.9516,9.1625,3.834,11.2081
0.5049,8.8558,2.387,10.8995
-0.9412,8.5489,0.9412,10.5925
-2.3869,8.2412,-0.505,10.286
-3.834,7.9319,-1.9517,9.9798
-3.8342,11.028,-1.9514,13.0753
-5.2796,10.7181,-3.3974,12.7695
1.9518,13.7916,3.8338,15.8369
0.5043,13.4841,2.387,15.5288
-0.9407,13.1776,0.9412,15.2209
-2.3871,12.8702,-0.5051,14.9147
-3.8337,12.5611,-1.9513,14.6088
-5.28,12.2513,-3.3976,14.3025
0.5046,11.9488,2.3869,13.9927
-0.9408,11.6419,0.941,13.6856
-2.387,11.3345,-0.505,13.3791
-3.8339,11.0258,-1.9514,13.0732
-5.2799,10.7156,-3.3975,12.7674
1.9515,10.701,3.8343,12.7468
0.5049,10.3943,2.3866,12.4381
-0.941,10.0876,0.9412,12.1313
-2.3868,9.78,-0.5046,11.8249
1.9517,12.2213,3.8338,14.2667
0.5047,11.9146,2.3871,13.9582
-0.9411,11.6078,0.9408,13.6511
-3.8337,14.0844,-1.9519,16.1314
-5.2801,13.7749,-3.3974,15.8255
1.9515,10.6819,3.8336,12.7272
-2.3871,9.7611,-0.5048,11.8058
-3.8337,9.4524,-1.9516,11.4996
-5.2801,9.1429,-3.3977,11.1938
-5.2798,12.2359,-3.3976,14.2874
1.952,9.1486,3.8341,11.194
0.5047,8.842,2.3866,10.8858
-0.9411,8.5356,0.9413,10.5788
-2.3869,8.2282,-0.505,10.2728
-3.8338,11.0156,-1.9518,13.0626
-5.2799,10.7059,-3.3973,12.7568
1.9518,10.7076,3.8339,12.7532
-0.9409,10.0945,0.9411,12.1379
-2.3871,9.7869,-0.505,11.8318
-5.2801,12.2623,-3.3974,14.3132
-2.3868,9.7563,-0.5048,11.801
1.9513,13.7711,3.8339,15.8161
0.5048,13.4646,2.3871,15.5082
-0.9411,13.1578,0.9408,15.201
-2.3871,12.8506,-0.5045,14.8948
-3.8338,12.5419,-1.9517,14.5891
-5.2801,12.2324,-3.3972,14.2833
1.9514,10.6852,3.8339,12.7303
0.5048,10.3792,2.387,12.422
-0.9411,10.0726,0.941,12.1156
-2.3869,9.7699,-0.5091,11.8131
-3.8347,9.4605,-1.9575,11.5069
-3.8337,12.5505,-1.9517,14.5972
-5.2802,12.2408,-3.3974,14.2914
-5.2799,13.7897,-3.3971,15.8405
1.9514,10.6933,3.8342,12.7376
1.9518,9.1378,3.8341,11.183
0.5046,8.8318,2.3871,10.8745
-0.9409,8.5251,0.9413,10.5681
-2.3872,8.2177,-0.505,10.2618
1.9517,12.2211,3.834,14.266
-3.8364,14.076,-1.954,16.123
-5.2804,13.767,-3.3978,15.8175
-3.8341,12.5282,-1.9515,14.5746
1.9506,12.224,3.833,14.2689
1.9504,9.1423,3.8333,11.1869
0.502,8.835,2.3843,10.8785
-0.9426,8.5291,0.9399,10.572
-2.3912,8.2208,-0.5087,10.2653
-3.8352,7.9132,-1.9528,9.9598
-2.389,11.3073,-0.5068,13.352
-3.8377,10.9988,-1.9551,13.0455
-5.2819,10.6894,-3.399,12.7405
-2.3867,14.4022,-0.5059,16.4466
-3.8353,14.0937,-1.9542,16.1404
-5.2795,13.7844,-3.3978,15.8356
-5.2833,12.2592,-3.4021,14.3107
-3.8367,11.0286,-1.9553,13.076
-2.3891,9.7902,-0.5085,11.8354
-3.8337,9.4828,-1.9522,11.5298
-5.282,9.1723,-3.4008,11.2243
-2.3871,12.8834,-0.5062,14.9285
-3.8361,12.5747,-1.9548,14.6219
-5.2798,12.2655,-3.3988,14.3173
1.9482,9.1472,3.8299,11.193
0.5039,8.8414,2.3848,10.8854
-0.9409,8.5353,0.9404,10.5788
-2.3895,8.2271,-0.5086,10.2722
-0.9418,11.6202,0.9395,13.6639
-2.3903,11.3123,-0.5094,13.3571
-5.2836,10.6945,-3.402,12.746
-3.8366,12.5439,-1.9556,14.5913
-5.2816,13.7838,-3.4,15.8348
-2.3879,8.2358,-0.5066,10.2805
1.9504,12.2513,3.8323,14.2967
-2.3899,14.428,-0.5081,16.4724
1.9483,13.7893,3.8297,15.8348
-2.3885,8.2159,-0.5073,10.2608
-5.2834,10.7131,-3.3998,12.7666
-2.3909,14.4158,-0.5081,16.4627
1.9495,10.6947,3.8329,12.7419
1.9507,13.777,3.8342,15.8244
0.5018,13.4696,2.3845,15.5149
-0.9435,13.162,0.9399,15.2076
-2.3882,12.8541,-0.5053,14.9005
1.9468,9.1333,3.8303,11.1805
0.5019,8.8265,2.385,10.8719
-0.9431,8.5189,0.9398,10.5643
1.9495,12.2262,3.8327,14.2733
0.5003,11.9185,2.3833,13.9637
-0.9448,11.6112,0.9382,13.6563
-2.3898,11.3034,-0.5067,13.3496
-0.9429,13.1716,0.9406,15.2169
-2.3876,12.8636,-0.5047,14.91
-3.8369,12.5536,-1.9537,14.6027
-5.2817,12.2435,-3.3982,14.2965
1.9483,9.1538,3.8315,11.2008
-0.942,8.5398,0.941,10.5849
-2.3916,8.2307,-0.5084,10.277
0.5013,11.9409,2.3846,13.9862
-2.3891,11.3253,-0.5059,13.3716
-5.2832,10.7052,-3.4,12.7579
-2.3897,14.4217,-0.5067,16.4677
-3.8351,14.1125,-1.9514,16.1615
-0.9416,10.0861,0.9414,12.1314
-2.3916,9.7768,-0.5079,11.8235
1.9498,13.7875,3.833,15.8341
0.5,13.4795,2.3835,15.525
-0.945,13.1723,0.938,15.2173
-2.3903,12.8643,-0.507,14.9105
1.9479,9.1629,3.8315,11.2094
0.5026,8.8558,2.386,10.901
1.9478,12.2624,3.8311,14.3089
-2.3886,11.3398,-0.505,13.3862
-2.3889,14.4271,-0.5058,16.4734
-3.8386,14.1169,-1.9549,16.1662
1.9495,10.7005,3.8332,12.7473
-2.3909,9.7771,-0.5076,11.823
1.9509,13.7871,3.8346,15.8338
0.5015,13.4797,2.3845,15.5242
1.9489,9.149,3.8328,11.1959
-0.9421,11.6211,0.9412,13.6659
-2.3918,11.3124,-0.5084,13.3581
-5.2824,10.6929,-3.3981,12.7459
-2.3917,14.3983,-0.5081,16.4444
-3.8367,14.0898,-1.9535,16.1379
-5.2823,13.7793,-3.3982,15.8321
1.9479,10.6887,3.8321,12.7353
-3.8382,9.4568,-1.9541,11.5053
-2.3884,12.8622,-0.5047,14.908
1.9492,9.1549,3.8334,11.2021
0.504,8.8487,2.3874,10.8933
-0.9459,8.5403,0.9378,10.5851
-2.3915,8.2322,-0.5077,10.2783
1.9466,12.238,3.8305,14.2844
-2.3897,14.4006,-0.5063,16.4468
-3.8354,14.0916,-1.9514,16.1402
-5.2847,13.7808,-3.401,15.833
-0.946,10.0658,0.9375,12.1101
-2.3917,9.7575,-0.5079,11.8036
-5.2824,9.1386,-3.3985,11.1909
-0.945,13.1549,0.9385,15.1998
-2.3907,12.847,-0.507,14.8926
-3.8362,12.5382,-1.9523,14.5864
-5.2814,12.2279,-3.3975,14.2804
-2.3899,8.2034,-0.5064,10.2493
-0.9428,11.5992,0.9408,13.6434
-2.3887,11.2908,-0.5047,13.337
-2.3882,14.3794,-0.5045,16.4253
-3.8382,14.0699,-1.9544,16.1179
-0.9445,13.1477,0.9392,15.192
-2.3905,12.8396,-0.5064,14.8853
-3.8359,12.5305,-1.9523,14.5788
1.9479,9.1438,3.8316,11.1895
-0.9439,8.5292,0.9398,10.5736
-2.3897,8.2214,-0.5059,10.2667
1.9499,12.2391,3.8336,14.2853
-0.942,11.6251,0.9418,13.6696
-2.3919,11.316,-0.5083,13.362
-3.8373,14.092,-1.9536,16.14
-5.2831,13.7815,-3.3988,15.8342
1.947,10.6797,3.8309,12.7258
-0.9447,10.0656,0.9389,12.1103
-2.3903,9.7581,-0.5068,11.8032
-3.8364,9.449,-1.9522,11.4976
-5.2817,9.1387,-3.3977,11.1911
-3.8368,12.5392,-1.9525,14.5875
-5.2822,12.2289,-3.3981,14.2812
1.9481,9.1377,3.8325,11.184
0.5024,8.8311,2.3862,10.8758
-0.9438,8.5237,0.94,10.5682
-2.3916,11.3085,-0.5075,13.3545
-3.8371,10.9998,-1.9534,13.0479
-5.283,10.6898,-3.3987,12.7418
-3.8362,14.095,-1.9526,16.143
-5.2824,13.7846,-3.3976,15.8372
1.9479,10.6903,3.8319,12.7368
-0.9441,10.0766,0.9398,12.1213
-2.3902,9.7685,-0.5061,11.8146
-3.8356,9.4599,-1.9519,11.5082
-0.9449,13.1623,0.9386,15.2071
-2.391,12.8547,-0.5071,14.9002
1.9508,9.1371,3.8347,11.1835
0.5002,8.8294,2.3842,10.8743
-0.9457,8.5225,0.9381,10.5669
-2.3917,8.2146,-0.508,10.2605
-3.8378,7.906,-1.9536,9.9542
1.9506,12.2274,3.8344,14.2737
0.5001,11.9196,2.384,13.9645
-0.946,11.6128,0.9379,13.657
-2.392,11.3049,-0.5082,13.3508
-3.8381,10.9963,-1.9539,13.0446
-5.2835,10.6861,-3.3997,12.7387
-5.2816,13.7786,-3.3975,15.8312
1.9505,10.6957,3.8344,12.7418
0.4999,10.3878,2.3839,12.4327
-0.9416,10.0817,0.942,12.1262
-2.3923,9.773,-0.5084,11.8187
-3.8384,9.4641,-1.9542,11.5126
-3.8357,12.5616,-1.9518,14.6099
-5.2815,12.2518,-3.3974,14.3038
-2.3907,8.2322,-0.5069,10.2779
-0.9421,11.6319,0.9413,13.6765
-2.3887,11.3242,-0.5044,13.3698
-3.8388,11.0146,-1.9551,13.063
-5.2849,10.7048,-3.4005,12.7571
-5.2827,13.7926,-3.3988,15.8454
-2.3922,9.7931,-0.5083,11.8384
-5.2831,12.2654,-3.3988,14.318
1.9468,9.1475,3.8309,11.1944
0.5004,8.8411,2.3846,10.8862
-0.9456,8.5339,0.938,10.5793
-2.392,8.2264,-0.5078,10.2724
-0.9453,11.6155,0.9387,13.66
-2.3914,11.3073,-0.5076,13.354
-5.2835,13.7749,-3.3994,15.8275
1.9498,10.6718,3.8341,12.718
0.5035,10.3654,2.3875,12.41
-2.3894,9.7507,-0.5053,11.7964
-3.8354,9.4423,-1.9515,11.4904
-3.8363,12.5316,-1.9525,14.5798
-5.2828,12.2219,-3.398,14.2739
1.9467,9.1222,3.8305,11.1684
0.5,8.8157,2.3843,10.8604
-0.942,8.5097,0.9419,10.5541
-2.3886,8.2021,-0.5045,10.2478
-0.9458,11.5926,0.9379,13.6369
-5.2837,13.7534,-3.3995,15.8046
1.9496,13.7465,3.8336,15.792
0.5028,13.4404,2.3869,15.4842
-0.9439,13.1329,0.9402,15.177
-2.3905,12.8258,-0.5066,14.8705
-5.2834,12.2076,-3.3992,14.2587
-0.9457,8.5095,0.9382,10.5526
-2.3882,8.2026,-0.5041,10.2467
-5.2833,10.681,-3.3991,12.7319
-2.3899,14.3938,-0.5056,16.4384
-3.8363,14.0853,-1.9523,16.1328
-3.8385,9.4391,-1.9546,11.4866
-5.2854,9.13,-3.4008,11.1807
-3.8351,12.5286,-1.9509,14.5754
-5.282,12.2184,-3.3972,14.2696
1.9497,9.1219,3.8339,11.1672
0.5026,8.8158,2.3869,10.8588
-0.9443,8.5086,0.9398,10.5521
-2.391,8.2013,-0.5072,10.2456
-2.3895,11.2936,-0.5057,13.3381
-3.8367,10.9858,-1.9521,13.0324
-5.2831,10.6755,-3.3988,12.7267
-3.8368,14.0784,-1.9523,16.125
1.948,9.1306,3.8326,11.1757
-0.9457,8.5173,0.9385,10.5605
-2.3884,8.2105,-0.504,10.2556
-2.3902,11.301,-0.5062,13.3463
-2.3887,14.3938,-0.5045,16.4388
-3.8358,14.0854,-1.9512,16.1329
-5.2825,13.7754,-3.3978,15.827
-5.285,12.2502,-3.4005,14.3016
0.4998,8.8469,2.3843,10.8917
-0.9425,8.5409,0.9415,10.5859
-2.3895,8.2337,-0.505,10.2794
-3.836,7.9249,-1.9519,9.9738
-0.9441,11.6221,0.9402,13.6665
-2.3909,11.3144,-0.5066,13.3603
-3.8375,11.0059,-1.9534,13.0546
1.9466,13.7523,3.8311,15.7992
-0.9427,13.1402,0.9415,15.1848
-2.3894,12.8326,-0.5055,14.8791
-3.8364,12.5248,-1.9519,14.5729
-5.2827,10.6586,-3.3982,12.7115
-3.8388,14.0562,-1.9547,16.1051
-5.2815,13.748,-3.3966,15.8005
-5.2844,12.2041,-3.3997,14.2566
1.9491,9.1121,3.8338,11.1585
0.5022,8.8056,2.3866,10.8504
-0.9451,8.4989,0.9393,10.5438
-2.3921,8.1918,-0.5076,10.2372
-3.8388,7.8827,-1.9546,9.9317
-0.9448,13.161,0.9394,15.2046
-2.3924,12.8532,-0.5075,14.8986
-3.8349,12.5458,-1.9504,14.5934
-5.2822,12.236,-3.3971,14.2882
0.5016,8.84,2.3864,10.8843
-0.9445,11.6185,0.9401,13.6627
-2.3917,11.3116,-0.5071,13.3564
-5.283,13.7814,-3.3984,15.8333
-3.8367,12.5396,-1.9515,14.5866
0.4995,11.9238,2.384,13.9675
-0.9439,11.6181,0.9408,13.6615
-2.3915,11.3102,-0.5066,13.355
-5.2822,10.6934,-3.3969,12.7445
-2.3911,14.4034,-0.5062,16.4481
-3.8382,14.0942,-1.9537,16.1423
-3.8362,9.4455,-1.9516,11.4929
-5.284,9.1359,-3.3986,11.1871
-3.8367,12.533,-1.9516,14.5796
-5.2838,12.2234,-3.399,14.2745
0.5008,8.824,2.3855,10.8675
-0.944,11.609,0.9411,13.6525
-2.3912,11.3015,-0.5068,13.3468
-2.3924,12.8209,-0.5076,14.8653
-3.8356,12.5132,-1.9507,14.5606
1.9467,13.7597,3.8331,15.8085
1.9457,9.1133,3.832,11.1618
0.5028,8.8068,2.3891,10.8535
-0.9443,8.4985,0.9416,10.5455
-2.3919,8.1898,-0.5055,10.2376
1.9491,12.2063,3.8352,14.2544
0.5014,11.8984,2.3879,13.9454
-2.3925,14.3803,-0.5062,16.4284
-0.946,11.5998,0.9407,13.6455
-2.389,11.2922,-0.5027,13.3389
-2.3931,14.3777,-0.5069,16.4246
-3.8364,14.0686,-1.9499,16.1188
1.9474,13.7537,3.8342,15.8011
0.5,13.4458,2.3862,15.4918
-0.9436,13.1385,0.943,15.184
-0.9453,8.5045,0.9412,10.55
-2.3929,8.1959,-0.5065,10.2424
-5.284,10.6643,-3.397,12.7176
-2.3877,14.3735,-0.5063,16.4188
-3.8357,14.0634,-1.9536,16.1117
1.9473,13.7723,3.8341,15.8196
0.4996,13.4648,2.3862,15.5102
-0.9436,13.1575,0.9426,15.2026
-2.3917,12.8487,-0.5049,14.895
-3.8389,12.5389,-1.9527,14.5879
1.9478,9.1465,3.8346,11.1947
0.5009,11.9176,2.3873,13.9636
-0.9471,11.6093,0.9397,13.6554
-2.3901,11.3014,-0.5038,13.3484
-2.3901,14.3839,-0.5036,16.431
-3.8379,14.0742,-1.9512,16.1238
-5.2851,13.7632,-3.3984,15.8168
-2.3908,9.7452,-0.5042,11.7919
1.9478,13.763,3.8348,15.8104
-0.9477,13.1472,0.9388,15.1926
-2.3911,12.8393,-0.5045,14.8859
1.9469,9.1253,3.8336,11.1729
0.4991,8.8176,2.3858,10.8634
-0.9442,8.5102,0.9422,10.556
-0.9432,11.6025,0.9433,13.6477
1.9495,10.7125,3.8361,12.759
0.5011,10.4042,2.3882,12.4498
1.947,13.795,3.8342,15.8434
0.4995,13.4873,2.3859,15.5335
-0.9441,13.1801,0.9425,15.2263
-2.3918,12.8716,-0.5052,14.9185
-2.3896,8.2108,-0.5033,10.258
-3.8378,7.9012,-1.9506,9.9507
1.9484,12.2194,3.8352,14.2671
-3.8389,10.9859,-1.9521,13.0355
-5.2862,10.6748,-3.3995,12.7285
-2.3895,14.3837,-0.5029,16.4307
-3.8376,14.0738,-1.9506,16.1233
1.9448,10.6763,3.8318,12.7246
0.5014,10.3692,2.3881,12.416
-2.3901,9.7535,-0.5033,11.8005
-3.8377,9.4438,-1.9511,11.4936
-5.2856,9.1324,-3.3982,11.1867
-0.9448,13.1418,0.9417,15.1879
-2.3926,12.833,-0.506,14.8802
1.9477,9.1135,3.8346,11.161
-0.9439,8.4988,0.9427,10.5444
-2.3918,8.1896,-0.5052,10.2368
1.9456,12.2073,3.8324,14.2546
-0.9462,11.5923,0.9405,13.6379
-2.3898,11.2845,-0.5032,13.3312
-5.2854,10.6633,-3.3985,12.7171
-5.2847,13.7627,-3.3976,15.8164
1.9449,10.6759,3.8322,12.724
-0.9465,10.0613,0.9403,12.1074
-0.9463,13.1462,0.9357,15.1912
-2.394,12.8375,-0.5123,14.8835
-3.8378,12.5286,-1.9557,14.5774
1.9484,9.1171,3.8357,11.1651
0.5008,8.8092,2.3873,10.8557
-0.9476,8.5015,0.9394,10.5471
0.5017,11.8969,2.3887,13.9427
-0.946,11.5886,0.9404,13.6345
-2.39,11.2809,-0.5028,13.3277
-3.8377,10.9712,-1.951,13.0207
-2.3922,14.3706,-0.5055,16.4177
-3.8403,14.0609,-1.9532,16.1103
-5.2836,13.751,-3.3967,15.8044
1.9453,10.6726,3.832,12.7195
-0.9468,10.0577,0.9399,12.103
-2.3907,9.7499,-0.504,11.7963
-3.8388,9.4401,-1.9519,11.4892
-5.2823,9.13,-3.3953,11.1831
1.9461,13.7737,3.8332,15.8208
0.5024,13.467,2.389,15.5124
-2.3896,12.8511,-0.5032,14.8975
-3.838,12.5415,-1.951,14.5903
-5.2859,12.2308,-3.3989,14.2835
0.5012,11.8902,2.3879,13.9361
-0.9473,11.5822,0.9398,13.6278
-2.3909,11.2744,-0.5043,13.3211
-3.8393,10.9647,-1.9521,13.0141
-5.2825,10.6548,-3.3957,12.7081
1.949,10.6592,3.8363,12.7063
0.501,10.3518,2.3874,12.3969
-0.9476,10.044,0.9393,12.0888
-3.8399,9.4264,-1.9529,11.4754
-2.3923,12.8264,-0.5053,14.8727
-3.8402,12.5167,-1.9535,14.5659
-5.2843,12.2068,-3.3968,14.26
-2.3911,8.195,-0.5041,10.241
-3.8392,7.8851,-1.9524,9.9342
-5.2829,10.6721,-3.3955,12.725
-0.9463,10.0782,0.9404,12.1235
-2.3904,9.7707,-0.5036,11.8171
-3.839,9.4607,-1.9517,11.5102
-2.3906,12.8533,-0.5035,14.8997
-3.8388,12.5438,-1.952,14.5928
-5.2828,12.234,-3.3956,14.2871
1.9471,9.1363,3.8344,11.1829
1.9463,12.2286,3.8334,14.2753
0.502,11.9223,2.3889,13.9671
-0.9466,11.6143,0.9401,13.6592
-2.3909,11.3069,-0.5041,13.3528
-5.2857,13.7835,-3.3985,15.8359
1.9475,10.6799,3.8344,12.7268
0.4989,10.3728,2.3857,12.4178
-0.9454,10.0658,0.9415,12.1109
-2.3898,9.7581,-0.5029,11.8046
-3.8385,9.4487,-1.9513,11.4975
-5.2823,9.1391,-3.3954,11.192
-2.391,12.8417,-0.5042,14.888
-3.8398,12.5326,-1.9526,14.5809
-5.2837,12.2225,-3.3966,14.2756
1.9456,12.2199,3.8325,14.2665
-2.392,11.2985,-0.5054,13.3439
-5.2848,10.6792,-3.3979,12.7319
1.9488,10.6743,3.8356,12.7208
0.4998,10.367,2.3869,12.4118
-0.9444,10.0602,0.9422,12.1049
-2.3935,9.752,-0.5064,11.7977
1.9464,13.7616,3.8333,15.8084
0.5019,13.4555,2.3889,15.5005
-0.9467,13.1478,0.94,15.1929
-2.3911,12.8402,-0.5043,14.8867
-3.84,12.531,-1.9527,14.5797
-5.284,12.2214,-3.397,14.2744
-0.9466,8.4902,0.94,10.5356
-2.3916,8.1832,-0.5043,10.2289
1.9454,10.6398,3.8325,12.6859
0.5011,10.3334,2.3877,12.3783
-0.9436,10.0269,0.9432,12.0713
-2.3925,9.7187,-0.5056,11.7644
-5.2847,12.1944,-3.3974,14.2465
1.9458,9.1146,3.8331,11.1613
0.5016,8.8081,2.3881,10.8536
-0.9475,8.5009,0.9394,10.5456
-2.3919,8.1932,-0.5052,10.2394
-3.8365,7.8856,-1.9494,9.9336
1.9471,12.2024,3.8343,14.2488
0.4985,11.8954,2.3849,13.9403
-0.9465,11.5887,0.9407,13.6333
-2.3907,11.2812,-0.5041,13.3273
-3.8398,10.9726,-1.9527,13.021
-5.2841,10.6625,-3.3969,12.7153
-5.284,13.7516,-3.3968,15.8037
1.9511,10.6588,3.8334,12.7041
-0.9471,13.1378,0.9393,15.1824
1.9494,9.1181,3.8319,11.1634
0.5048,8.8121,2.387,10.8561
-0.9399,8.5056,0.9423,10.5495
-2.3889,8.1974,-0.5066,10.2423
-2.3877,11.2854,-0.5057,13.3302
-2.385,14.3752,-0.5032,16.4205
-3.8341,14.0663,-1.9517,16.1139
-2.386,9.7437,-0.504,11.7887
0.5065,13.4521,2.3891,15.496
-0.9423,13.1444,0.9396,15.1883
-2.3872,12.8374,-0.5049,14.8824
1.9502,9.1206,3.833,11.1661
0.5056,8.8148,2.3876,10.859
-0.9393,8.508,0.943,10.5518
-2.3882,8.1999,-0.5062,10.2449
-2.3853,11.2905,-0.5033,13.3356
-3.8346,10.9815,-1.9522,13.029
-5.278,13.7633,-3.3958,15.8149
-5.2782,12.2201,-3.3955,14.2714
1.95,9.1143,3.8329,11.1601
0.5056,8.8082,2.3874,10.8525
-0.9395,8.5023,0.9428,10.5458
-2.3886,8.1938,-0.5064,10.2389
-3.8336,7.886,-1.9511,9.9334
-5.2804,10.6637,-3.3979,12.7158
-0.9417,13.1331,0.9403,15.1771
-2.387,12.826,-0.5043,14.8708
-3.8361,12.5171,-1.9538,14.5645
-5.2809,12.2076,-3.3982,14.2593
-0.9404,11.5959,0.9419,13.6397
-2.3856,11.2886,-0.503,13.3338
-3.8348,10.9797,-1.9525,13.0273
-5.2799,10.6706,-3.3969,12.7219
-2.3877,9.7435,-0.5054,11.7888
-3.8329,9.436,-1.9504,11.4833
1.9527,13.753,3.8357,15.7984
0.5032,13.4463,2.3856,15.4906
-3.8349,10.9805,-1.9523,13.0282
-5.2801,10.6716,-3.397,12.7228
-2.3878,9.733,-0.5048,11.7779
-2.3859,14.3688,-0.5035,16.4142
-3.8358,14.0604,-1.9532,16.1077
-0.9426,8.4773,0.9405,10.5212
-2.3882,8.1706,-0.5054,10.2151
1.9517,12.1781,3.8343,14.224
0.5057,11.8723,2.3886,13.9163
-0.9403,11.5653,0.9427,13.6096
-3.8346,14.0622,-1.9503,16.1115
-5.2801,13.7517,-3.3954,15.8045
-3.8372,9.432,-1.9522,11.4812
-0.9421,13.1323,0.9426,15.1776
-2.3878,12.8238,-0.5034,14.8703
-5.279,12.2031,-3.3944,14.2561
1.9516,9.0978,3.8363,11.1444
0.5013,8.7898,2.3858,10.8343
1.9491,13.7323,3.8343,15.7783
0.5033,13.4245,2.3879,15.4692
-0.943,13.1165,0.9419,15.1608
-2.3889,12.808,-0.5043,14.8534
-3.8348,12.4982,-1.9501,14.5466
1.9481,9.1103,3.8334,11.1571
-0.9441,8.4945,0.9409,10.5391
-2.3901,8.186,-0.5054,10.2314
1.9502,12.2072,3.8351,14.2534
-0.9407,10.0567,0.9444,12.1011
-2.3868,9.7481,-0.502,11.7936
1.9514,13.7572,3.8367,15.8037
0.5053,13.4495,2.3903,15.4942
-0.9409,13.1416,0.9439,15.1859
-2.3873,12.8327,-0.5022,14.8785
-3.8332,12.5231,-1.9484,14.5713
1.9502,12.2114,3.8353,14.258
0.5039,11.9041,2.3889,13.9486
-2.3886,14.3812,-0.5037,16.4269
-3.8348,14.0714,-1.9497,16.1203
-5.2808,13.7604,-3.3954,15.8128
1.9484,10.683,3.8336,12.7296
-0.9441,10.0672,0.9411,12.1123
1.9526,13.78,3.8374,15.8269
0.5018,13.4716,2.3868,15.517
-0.9444,13.1636,0.9406,15.2087
-2.3904,12.8546,-0.5056,14.901
1.9484,9.1429,3.8335,11.1905
0.5022,8.8349,2.3873,10.8813
-0.9439,8.5273,0.941,10.573
0.5045,11.9209,2.3897,13.9672
-0.9414,11.6127,0.9434,13.6588
-2.3877,11.3036,-0.5025,13.3509
-0.9444,13.1478,0.9407,15.1945
-2.3902,12.8392,-0.5055,14.8869
-5.282,12.2188,-3.3969,14.2733
1.9506,9.1337,3.8356,11.1817
-0.9415,8.5177,0.9433,10.5643
-2.3876,8.2087,-0.5027,10.2571
-3.8336,7.8994,-1.9484,9.9495
0.5041,11.9191,2.3894,13.9656
-3.8337,10.9924,-1.9486,13.0428
-5.2794,10.6818,-3.3943,12.7361
-3.8371,14.0769,-1.9517,16.1276
-5.2827,13.7668,-3.3975,15.8213
-0.9445,10.047,0.9407,12.0938
-2.3901,9.738,-0.5055,11.7865
-3.8363,9.4287,-1.951,11.4791
-0.9435,13.1335,0.9414,15.1803
-2.3898,12.825,-0.5045,14.8729
-3.8356,12.5154,-1.9507,14.5659
-5.2816,12.2042,-3.396,14.259
1.95,9.1098,3.8353,11.1582
0.5039,8.8026,2.3889,10.8496
-0.9422,8.4944,0.9427,10.5414
1.948,12.1999,3.8331,14.2483
0.5017,11.8924,2.3869,13.9394
-0.9442,11.5844,0.9406,13.631
-2.3906,11.2758,-0.5055,13.3239
-3.8364,10.9659,-1.9514,13.0165
-2.3886,14.3676,-0.5033,16.4149
-3.8345,14.058,-1.9495,16.1087
-5.2808,13.7468,-3.3952,15.8014
1.9515,10.6637,3.8365,12.712
1.951,9.1263,3.8361,11.1744
0.5046,8.8188,2.3895,10.8652
-0.9419,8.511,0.9433,10.5569
-2.3882,8.2025,-0.5032,10.2496
-5.2834,13.7536,-3.3979,15.8068
1.951,10.6588,3.8361,12.7054
0.5043,10.3513,2.3893,12.3973
-0.9425,10.0435,0.9427,12.0886
-2.3888,9.7348,-0.5041,11.7814
-3.8357,9.4257,-1.9501,11.4742
1.9347,9.1179,3.8202,11.1642
1.9491,12.2155,3.8343,14.2617
1.9337,10.6896,3.8189,12.7352
1.9306,13.7813,3.8156,15.827
0.4879,13.4747,2.3732,15.5193
-0.9588,13.1669,0.9261,15.2109
-2.4057,12.8586,-0.5207,14.9038
-3.8525,12.5494,-1.9672,14.5969
1.9295,9.1271,3.8145,11.1728
0.4867,8.8208,2.3721,10.8649
-0.96,8.513,0.9248,10.5571
-2.4072,8.2047,-0.5219,10.2498
-3.8538,7.8954,-1.9688,9.9431
-5.3019,10.6702,-3.4165,12.7218
-5.2985,13.757,-3.4133,15.8087
-2.4098,12.8266,-0.5249,14.8716
-3.8568,12.5176,-1.9717,14.5648
-5.2994,12.2081,-3.4138,14.2594
1.9286,10.6598,3.8136,12.7062
-2.4083,9.7382,-0.5233,11.7838
1.9302,12.1961,3.8156,14.2423
0.4833,11.8891,2.3681,13.9341
-0.964,11.5818,0.9211,13.6265
-2.4107,11.2735,-0.5261,13.3197
-3.8579,10.9646,-1.9726,13.0131
-5.3,10.6553,-3.415,12.7079
-2.4088,14.3643,-0.5242,16.4108
-3.856,14.0556,-1.9708,16.1041
1.9304,10.6535,3.8153,12.7007
0.4831,10.3473,2.3682,12.3924
-0.9637,10.0396,0.9209,12.0853
1.9287,9.1174,3.8139,11.1642
0.486,8.811,2.3709,10.8573
-0.9611,8.504,0.9236,10.5496
-2.4082,8.1959,-0.5232,10.2428
-2.4095,14.3763,-0.5247,16.4226
-3.8558,14.0676,-1.9714,16.1176
-5.3029,13.7575,-3.4176,15.8115
1.9327,10.6542,3.8181,12.701
-0.9607,13.1277,0.9243,15.1731
-2.4074,12.8193,-0.5228,14.867
-2.3944,12.8178,-0.5091,14.8625
-5.2894,12.1995,-3.4038,14.2506
-2.3945,8.1836,-0.5093,10.2283
-0.9481,11.5827,0.937,13.6258
-3.8381,9.4312,-1.953,11.4774
-0.9429,8.512,0.9421,10.5558
-2.3909,8.2046,-0.5056,10.249
-3.8342,7.8971,-1.9491,9.9443
-3.835,10.9812,-1.95,13.0287
-5.283,10.6718,-3.3972,12.7226
-0.9392,8.4877,0.9458,10.5314
-3.8289,10.9616,-1.9435,13.0091
-5.2764,10.6516,-3.391,12.7037
-3.8278,14.0512,-1.9426,16.1
-5.2755,13.7417,-3.3899,15.7938
-2.3748,14.3607,-0.4881,16.4085
-0.9294,13.1053,0.9574,15.1513
-2.3726,12.797,-0.486,14.8448
-3.8203,12.4871,-1.9335,14.5372
-0.9269,11.5521,0.9598,13.5982
-2.3749,11.2434,-0.488,13.2905
1.9639,13.7337,3.8507,15.7808
1.9643,9.0875,3.8514,11.1344
0.5164,8.7791,2.4034,10.8247
-0.9274,8.4719,0.9598,10.5172
-2.375,8.1622,-0.4883,10.2095
-3.8188,7.8538,-1.9315,9.903
-2.3761,11.2486,-0.4894,13.2951
1.9613,12.1751,3.8491,14.2226
0.5175,11.8677,2.4049,13.9133
-3.8217,14.0369,-1.9344,16.0862
1.9609,13.7313,3.8486,15.7784
0.5132,13.423,2.4001,15.4689
-0.9307,13.1154,0.9567,15.1608
-2.3787,12.8058,-0.4915,14.8527
-0.9347,11.5677,0.9529,13.6139
0.5098,10.3284,2.3972,12.3739
1.9565,13.725,3.8446,15.7733
1.9554,9.0891,3.843,11.1378
-0.9362,8.4736,0.9511,10.5203
-2.3842,8.1645,-0.4967,10.2117
0.5089,11.8732,2.3963,13.92
-2.3828,14.3487,-0.4956,16.3964
-3.8309,14.0382,-1.9432,16.089
-5.2785,13.7267,-3.3909,15.7812
1.9503,9.1117,3.838,11.1602
0.5022,8.8037,2.3898,10.8502
-0.941,8.4957,0.9459,10.5423
1.9485,12.1992,3.8361,14.2482
-0.943,11.5837,0.944,13.6304
1.9451,13.7321,3.8329,15.7808
0.4972,13.424,2.3847,15.4709
-0.9466,13.1161,0.9408,15.1632
-2.3946,12.8071,-0.5071,14.8548
-3.8381,12.4981,-1.9507,14.5483
-0.9479,8.4797,0.9394,10.5264
1.9419,10.6422,3.8298,12.6905
-2.3981,9.7176,-0.5108,11.7651
0.4923,13.4253,2.3796,15.4717
-0.9517,13.1172,0.9358,15.164
-2.3999,12.8082,-0.5123,14.8558
-3.8434,12.4993,-1.9561,14.549
1.9385,9.1026,3.8265,11.1508
0.4904,8.7948,2.3777,10.841
-0.9538,8.4868,0.9339,10.5333
-2.4018,8.1778,-0.5145,10.225
1.9389,12.1959,3.8267,14.2437
0.4908,11.8874,2.3781,13.934
-0.9576,11.5791,0.93,13.6251
-2.4013,11.2712,-0.514,13.3183
-2.4031,14.3634,-0.5156,16.4108
-3.8468,14.0543,-1.9593,16.1041
-5.2948,13.7431,-3.407,15.797
1.9323,9.1075,3.8202,11.1547
0.4842,8.7997,2.3713,10.8454
-0.9602,8.4916,0.9276,10.5379
-2.4083,8.1829,-0.5211,10.2299
-0.9615,11.578,0.9257,13.6242
-2.4057,11.27,-0.518,13.3167
-5.2978,10.6493,-3.4097,12.7031
1.9263,12.1734,3.814,14.2209
0.4822,11.8669,2.3695,13.912
-0.9665,11.5584,0.9208,13.6038
-2.4108,11.2503,-0.5233,13.2969
1.926,10.6274,3.8138,12.6742
0.4776,10.3201,2.3647,12.3649
-5.3041,9.0846,-3.4162,11.1373
1.9255,13.719,3.8132,15.7651
0.4773,13.4104,2.3643,15.4559
-0.9673,13.1034,0.9201,15.1486
-2.4112,12.7952,-0.5243,14.842
-3.8601,12.4859,-1.9725,14.5342
-3.862,9.415,-1.9749,11.4638
-5.3063,9.1047,-3.4185,11.1575
1.9217,13.7405,3.8093,15.7873
0.478,13.4339,2.3645,15.4791
-0.9714,13.1264,0.9163,15.171
-2.4159,12.8181,-0.5285,14.8646
-5.3086,12.1984,-3.4211,14.2517
1.9246,9.0978,3.8115,11.1454
0.4757,8.7908,2.3626,10.8366
-2.4173,8.1756,-0.5306,10.2221
-3.8618,7.8676,-1.9746,9.9168
0.4751,11.8785,2.3623,13.9242
-0.9689,11.5717,0.9177,13.6174
-2.4178,11.2632,-0.5309,13.3104
-2.4175,12.8011,-0.5304,14.8481
-3.8616,12.493,-1.9749,14.5427
-2.4139,11.2554,-0.527,13.3023
-3.86,14.0373,-1.9734,16.0867
-2.4134,12.804,-0.5268,14.8506
-5.3067,12.1857,-3.4193,14.2384
-0.9639,8.4815,0.9231,10.5263
-2.4125,8.1734,-0.5261,10.2199
1.9279,12.1872,3.8149,14.2339
-3.8556,14.0511,-1.9685,16.1
-5.3042,13.7408,-3.4173,15.7938
0.4868,8.7963,2.3738,10.8417
-5.2979,13.7412,-3.4106,15.7938
-3.8523,9.4111,-1.9652,11.4593
-5.2947,12.1914,-3.4078,14.2441
1.9393,9.0936,3.8258,11.1397
0.4896,8.7869,2.3767,10.8318
-2.4003,14.3528,-0.5132,16.3985
-3.845,14.0444,-1.9583,16.093
-5.2943,13.7349,-3.4071,15.7869
0.4935,10.3311,2.3802,12.3759
-2.3967,9.7178,-0.5099,11.7632
-3.846,9.4094,-1.9591,11.457
-0.9514,13.1161,0.9356,15.1604
-2.3962,12.8088,-0.5096,14.8548
-3.8413,12.5013,-1.9543,14.549
-3.839,9.4273,-1.952,11.4754
-3.8367,12.5217,-1.9497,14.5702
-2.3876,8.1883,-0.5008,10.2344
-2.3867,9.7221,-0.4994,11.7683
-0.9364,13.1187,0.9506,15.1636
-2.3863,12.8109,-0.4989,14.8572
-3.8233,12.4983,-1.9357,14.5469
-5.2725,12.1886,-3.3851,14.2416
-5.2595,13.7252,-3.3705,15.7783
1.9669,12.1762,3.8564,14.2244
1.9658,13.7185,3.8552,15.767
-0.9257,13.1031,0.9638,15.1493
-2.3709,12.7944,-0.4819,14.8421
-3.8165,12.4843,-1.9267,14.5348
1.9659,12.1712,3.8557,14.2198
-5.266,10.6249,-3.376,12.6799
-2.3719,14.3366,-0.4825,16.3849
-3.8219,14.0261,-1.9321,16.0764
-5.2662,13.7158,-3.3773,15.7696
-2.3762,9.703,-0.4867,11.7515
1.9625,9.0907,3.8524,11.1392
-0.9331,8.4742,0.9568,10.5211
1.9591,12.1782,3.8493,14.2278
0.5142,11.8713,2.4033,13.9179
-0.9317,11.5631,0.9579,13.6098
-2.3773,11.2541,-0.4874,13.3026
-5.2683,10.6329,-3.3781,12.6881
-2.3774,14.3421,-0.488,16.3907
-3.8231,14.0323,-1.933,16.0834
1.9545,9.0832,3.8447,11.1318
0.5092,8.7755,2.3989,10.8227
-3.8274,7.8484,-1.9379,9.8991
1.9507,10.6331,3.8408,12.6822
0.5051,10.3255,2.3949,12.3729
-0.941,10.0169,0.9494,12.0643
1.9489,13.7248,3.8394,15.7737
0.5035,13.4168,2.3932,15.4644
-0.9426,13.1085,0.9477,15.1558
-2.3881,12.7996,-0.4983,14.848
-3.8339,12.4895,-1.9438,14.5406
-5.2797,12.1787,-3.3889,14.2335
1.9496,9.0948,3.8397,11.1441
0.5036,8.7869,2.394,10.8345
-0.9463,8.478,0.9435,10.5248
-2.3924,8.1686,-0.502,10.2172
-3.8378,7.8592,-1.9478,9.9098
-2.3914,11.2624,-0.5011,13.3104
1.9414,10.6558,3.8317,12.7047
-2.3961,9.7311,-0.5062,11.7787
-3.8423,9.4211,-1.9517,11.4714
0.4957,8.7968,2.3856,10.8434
-0.9507,8.488,0.9397,10.5352
-2.3962,8.1786,-0.5064,10.2268
1.9367,10.6354,3.8266,12.6838
-3.8477,9.4006,-1.9573,11.4512
1.94191,13.78529,3.83191,15.83261
0.49625,13.47891,2.38524,15.52406
-0.95008,13.17082,0.93943,15.2168
-5.2967,12.1768,-3.4064,14.2307
-5.3007,13.7153,-3.4103,15.7689
-2.4093,9.6981,-0.5194,11.7455
-3.8557,9.3886,-1.9652,11.4384
1.9262,9.0769,3.8162,11.1243
1.926,12.1669,3.8162,14.2145
0.4777,10.3146,2.3678,12.3607
1.9241,13.7134,3.8146,15.7611
1.92,12.1723,3.8102,14.22
1.9171,10.6337,3.8071,12.6813
-2.4185,9.7114,-0.5284,11.7586
-3.8647,9.4015,-1.9747,11.4513
1.9161,13.7254,3.8061,15.7739
0.4736,13.4194,2.3638,15.4654
1.9181,9.0984,3.808,11.1462
0.4713,8.7907,2.3616,10.837
-0.9748,8.4829,0.9148,10.5293
1.9183,12.1911,3.8084,14.2387
0.4714,11.8838,2.3616,13.9306
-2.4215,11.2676,-0.5315,13.3155
-5.3142,10.6481,-3.4241,12.7023
-2.4227,14.3609,-0.5328,16.4081
-3.8691,14.0518,-1.9791,16.1022
-5.3152,13.7413,-3.4251,15.7951
1.9131,13.7512,3.8035,15.7993
0.4711,13.4449,2.3608,15.4915
-0.9757,13.1372,0.9143,15.1835
-2.4218,12.8296,-0.5324,14.8771
-3.8687,12.52,-1.9783,14.5703
-5.3148,12.2096,-3.4248,14.2639
-5.3159,12.1947,-3.426,14.2488
-0.9756,8.4793,0.9137,10.5256
-2.4225,8.1717,-0.5327,10.2188
1.9179,12.1816,3.8074,14.2293
0.4707,11.8745,2.3608,13.9214
-0.9757,11.5671,0.9136,13.6138
-2.4228,11.2593,-0.5329,13.3067
-3.8693,10.9505,-1.9796,13.0005
-5.316,10.6404,-3.4259,12.6945
-3.8681,12.4919,-1.9785,14.5409
-0.9748,8.4734,0.915,10.519
0.472,11.8709,2.3612,13.917
-0.971,8.4861,0.9187,10.5316
-2.4181,8.1791,-0.5287,10.2246
-3.8612,7.8712,-1.9711,9.9198
-5.3087,10.6542,-3.4191,12.7071
-5.3034,12.207,-3.4132,14.2591
-5.3038,10.6626,-3.4143,12.7157
-3.8561,14.0636,-1.9663,16.1123
-5.3031,13.754,-3.4134,15.8064
-5.298,12.1975,-3.408,14.2504
-0.9573,8.4802,0.9319,10.5252
-2.4049,8.1728,-0.5152,10.2189
0.4926,11.8758,2.3819,13.9207
-0.9552,11.5689,0.9347,13.6139
-2.4024,11.2611,-0.5131,13.3075
-3.8501,10.9533,-1.9601,13.0021
-5.2969,10.6437,-3.4074,12.6965
-2.3931,11.2504,-0.5032,13.297
-3.8403,10.9423,-1.9507,12.9913
-5.2878,10.6328,-3.3977,12.6858
-5.2851,13.7221,-3.3948,15.7753
-2.3913,9.7024,-0.5015,11.7494
-3.8385,9.3943,-1.949,11.4438
-0.9391,11.5559,0.9503,13.6018
-2.3869,11.2483,-0.4969,13.2951
-5.2716,10.6371,-3.3816,12.6908
-2.3764,14.3472,-0.4862,16.3941
-3.8236,14.0383,-1.934,16.0881
-5.2714,13.7289,-3.3808,15.7822
1.9655,13.7297,3.8556,15.7766
0.5179,13.4232,2.4079,15.4688
-2.3726,11.2697,-0.4829,13.3163
0.5255,11.8495,2.416,13.8951
-0.9179,11.5438,0.9724,13.5887
0.5282,13.4107,2.4196,15.4577
-0.9195,13.1024,0.9719,15.1495
-2.3629,12.7945,-0.4712,14.8428
-3.8101,14.0209,-1.9179,16.071
-5.2573,13.7093,-3.3655,15.7639
1.9752,9.0658,3.8672,11.1139
0.5281,11.8474,2.4205,13.8944
-0.9196,11.5395,0.9721,13.5858
-2.3633,11.2306,-0.4711,13.2786
-2.3622,14.3212,-0.4697,16.3681
1.974,10.6079,3.866,12.6561
1.9733,13.6976,3.8654,15.7462
0.5294,13.3905,2.4217,15.4375
1.9726,9.0645,3.8649,11.1126
0.5287,8.757,2.4212,10.8036
-2.3675,14.3206,-0.4751,16.3688
-3.8146,9.3779,-1.9221,11.4283
1.9705,13.7053,3.8631,15.7539
0.5224,13.3965,2.4149,15.444
-0.9214,13.0888,0.9711,15.136
1.9698,12.1677,3.8625,14.2161
0.5216,11.8587,2.4141,13.907
-0.9265,11.5503,0.966,13.5972
-2.3698,11.2418,-0.4776,13.29
-5.2613,10.6209,-3.3684,12.6756
1.9631,9.0982,3.8563,11.1481
0.5153,8.7898,2.4079,10.8374
-0.9283,8.4822,0.9642,10.5295
1.9618,12.1918,3.8549,14.2412
0.5138,11.8834,2.4064,13.9313
-0.9302,11.5753,0.9629,13.6229
-2.3779,11.2659,-0.4854,13.3144
-3.8217,10.9561,-1.9285,13.0076
-2.3773,14.3573,-0.4843,16.4063
-3.825,14.0478,-1.9323,16.0987
-5.2686,13.7363,-3.3753,15.792
1.9594,10.6412,3.8529,12.6907
-0.9323,10.0246,0.9609,12.0726
-2.3801,9.7149,-0.4873,11.764
-3.8281,9.4043,-1.9351,11.4563
1.9557,13.7276,3.8491,15.7784
0.5122,13.4206,2.4051,15.4685
-0.936,13.1114,0.9569,15.1597
-2.3796,12.803,-0.4866,14.852
-3.8276,12.4922,-1.9345,14.544
-5.2755,12.1806,-3.3821,14.2364
1.9481,10.6246,3.8411,12.6745
0.504,10.3169,2.3974,12.3654
-0.9438,10.0077,0.949,12.0559
-3.8357,9.3892,-1.9424,11.4407
1.9498,13.7136,3.8432,15.7638
0.5015,13.4051,2.3948,15.4536
-0.9422,13.0969,0.9506,15.1452
-2.3905,12.7874,-0.4973,14.8366
1.9474,9.0746,3.8406,11.1247
0.4989,8.7663,2.3924,10.8147
-0.9446,8.4577,0.9482,10.5059
-2.3931,8.1484,-0.4998,10.1978
-3.8365,7.8391,-1.9436,9.8908
1.944,12.1633,3.8375,14.2133
0.5004,11.8554,2.3933,13.9044
-0.948,11.5468,0.9451,13.5946
-2.392,11.2379,-0.4988,13.2873
1.9393,10.6159,3.8323,12.6654
-2.3972,9.6906,-0.5041,11.7391
1.938,13.7053,3.8317,15.7548
0.4943,13.3973,2.3873,15.4451
-0.9543,13.0885,0.9391,15.1361
-2.398,12.7799,-0.5051,14.8287
0.4897,8.7604,2.3827,10.8079
-0.9546,8.4523,0.9387,10.4999
-2.4027,8.1429,-0.5098,10.191
-2.4021,11.2337,-0.509,13.282
-3.8506,10.9221,-1.9572,12.9738
-5.2945,10.612,-3.4009,12.6667
-2.4034,14.3236,-0.51,16.3716
-3.8516,14.013,-1.9584,16.0637
-5.2957,13.7022,-3.4019,15.7574
0.483,13.3943,2.3765,15.4414
-0.9608,13.0865,0.9319,15.1332
-2.4099,12.7769,-0.5163,14.8254
0.4761,10.306,2.3691,12.3523
-0.9684,9.9979,0.9249,12.0443
1.922,13.704,3.8153,15.7519
0.4774,13.3963,2.3709,15.443
-0.9711,13.0881,0.9217,15.134
-2.4158,12.7794,-0.5224,14.8274
-3.8642,12.4688,-1.9711,14.519
-0.9733,8.4541,0.9195,10.5006
-2.4178,8.1456,-0.5248,10.1938
-0.9716,11.5455,0.9211,13.5922
-2.4207,11.2363,-0.5274,13.284
-3.8647,10.9272,-1.9718,12.9773
-5.3137,10.6156,-3.4199,12.6701
0.4695,10.3094,2.362,12.3566
-0.9754,10.0025,0.9178,12.0479
-3.8678,12.4746,-1.975,14.5251
-5.317,12.1633,-3.4233,14.218
1.9137,9.0754,3.8067,11.1234
0.469,8.7683,2.3621,10.8151
-0.98,8.4599,0.9129,10.506
-2.4246,8.152,-0.5316,10.1995
-3.8739,12.4837,-1.9812,14.5343
-5.3229,12.1729,-3.4295,14.2273
0.4645,11.8697,2.3576,13.9169
-0.9843,11.5611,0.9082,13.6084
-2.4293,11.2538,-0.5362,13.3017
-3.8777,10.9439,-1.9851,12.9944
-5.3225,10.6336,-3.429,12.6884
1.909,10.6388,3.8019,12.6873
0.46,10.3312,2.3528,12.3778
-0.9847,10.0241,0.908,12.071
-2.4296,9.7157,-0.5367,11.7645
-3.8782,9.4064,-1.9858,11.4575
-5.3234,12.1873,-3.43,14.2424
1.9062,9.0845,3.7991,11.1332
-0.9832,8.4709,0.9094,10.5179
-2.4325,8.1621,-0.5396,10.2108
-3.8768,7.8537,-1.9844,9.9049
-3.8798,10.9395,-1.9873,12.9905
-3.8768,12.4732,-1.984,14.5239
-2.4298,9.6791,-0.5379,11.7272
-3.875,9.3712,-1.9822,11.4209
-3.8761,12.4595,-1.9837,14.5099
-5.3208,12.1501,-3.4283,14.2041
1.9129,9.051,3.8051,11.0992
-0.9816,8.4377,0.9103,10.4843
-2.4263,14.3099,-0.5341,16.357
-3.8712,14.0019,-1.9789,16.0514
-5.3205,13.6915,-3.4279,15.7454
-3.8674,12.4567,-1.9751,14.506
-5.3168,12.147,-3.4243,14.2001
-2.4194,14.3119,-0.5276,16.3584
-3.8651,14.004,-1.9724,16.0527
-5.3099,13.6947,-3.4176,15.7481
-3.8625,9.3713,-1.97,11.4204
1.9232,13.6897,3.8154,15.7364
0.4777,13.3841,2.3701,15.4291
-0.9674,13.0776,0.9245,15.1228
-2.4177,12.7702,-0.5251,14.816
-0.9668,11.537,0.9252,13.5819
-2.4124,14.3221,-0.5199,16.3679
-3.8575,14.0142,-1.9655,16.0633
-5.303,13.7054,-3.4103,15.758
-2.407,9.6911,-0.515,11.7377
-3.8526,9.384,-1.9602,11.4325
1.9316,13.7026,3.8243,15.7491
0.4864,13.3962,2.3784,15.4419
-0.9595,13.0909,0.9329,15.1354
-2.4048,12.7833,-0.5127,14.8299
-3.8549,12.475,-1.9624,14.5235
-5.3003,12.1658,-3.4076,14.2189
-2.4024,8.1541,-0.5105,10.2005
-3.8526,7.8455,-1.96,9.8941
-2.4031,14.3388,-0.5113,16.3857
-3.849,14.0313,-1.9563,16.0802
-5.2941,13.722,-3.4018,15.7755
-0.9525,13.1088,0.9394,15.1544
-2.3983,12.8024,-0.5059,14.8487
-2.3891,9.7,-0.4967,11.7473
-3.8344,9.392,-1.942,11.4423
-5.2797,9.0832,-3.3872,11.1372
1.9542,13.7076,3.8463,15.7559
0.504,13.4015,2.3965,15.4474
-2.3874,12.7886,-0.4948,14.8353
-3.8328,12.4807,-1.9403,14.5307
-5.2782,12.1717,-3.3856,14.2258
-2.3825,14.3249,-0.49,16.3725
-3.8279,14.0173,-1.9354,16.0674
-5.2731,13.7086,-3.3806,15.7625
-2.3719,11.2261,-0.4793,13.2736
-3.8131,13.9992,-1.9202,16.0489
-0.9154,11.5224,0.9778,13.5676
-2.3602,14.3279,-0.4659,16.3761
-3.806,14.0188,-1.9117,16.0691
-5.2518,13.7085,-3.3569,15.7623
-2.3583,8.1324,-0.4638,10.181
1.9789,12.1439,3.8735,14.1933
1.9756,12.114,3.8707,14.1633
1.9745,10.5673,3.8699,12.6161
0.5282,10.2588,2.4238,12.3071
-2.3642,9.6417,-0.4686,11.6907
1.9736,13.6567,3.8695,15.7067
0.5275,13.3493,2.4228,15.3966
1.9707,9.0235,3.8661,11.0733
-0.9217,8.4071,0.9737,10.4548
-2.3681,8.0976,-0.4723,10.147
1.9633,13.6641,3.859,15.714
1.9605,9.0338,3.8565,11.0847
0.5185,8.7267,2.4145,10.7754
-0.9276,8.4186,0.9681,10.4669
-2.3737,8.1085,-0.4781,10.1586
1.9629,12.1267,3.8589,14.1772
-2.3784,14.2926,-0.4828,16.3422
-3.8249,13.982,-1.9286,16.0346
1.9575,10.59,3.8541,12.641
1.957,13.6834,3.8536,15.7343
0.5112,13.3754,2.4068,15.4242
-0.9354,13.0671,0.9608,15.1157
1.9534,9.0552,3.8495,11.1059
0.5071,8.747,2.4031,10.7962
-0.9392,8.4382,0.9568,10.487
-2.3853,8.1289,-0.4895,10.179
-3.8317,7.8185,-1.9353,9.8712
1.9528,12.1481,3.8491,14.1989
0.5068,11.8405,2.4025,13.8891
-0.9397,11.5313,0.9565,13.5805
-2.3857,11.2219,-0.49,13.2718
-2.3881,14.3152,-0.492,16.3654
-3.8342,14.0048,-1.9381,16.0575
-5.2802,13.693,-3.384,15.7499
1.9458,10.6152,3.8419,12.6658
0.4994,10.3068,2.3957,12.3558
-2.3931,9.6889,-0.4968,11.7391
1.9434,9.0696,3.8401,11.1209
0.4974,8.7618,2.3932,10.8104
-0.9522,11.5412,0.9437,13.5898
-2.3987,11.2316,-0.5026,13.2817
-2.3992,14.3208,-0.5033,16.3702
1.9344,10.6078,3.8306,12.6582
1.9337,13.6963,3.8301,15.7467
-3.8476,12.461,-1.9516,14.5129
-5.2941,12.1488,-3.3974,14.2053
1.9323,9.0577,3.8286,11.1076
-0.9609,8.441,0.935,10.4888
-2.4076,8.1315,-0.5114,10.1812
1.9233,10.5976,3.8197,12.6474
-0.9657,9.9818,0.9305,12.0298
-2.4123,9.6725,-0.5162,11.7215
-3.8589,9.3623,-1.9627,11.4139
-0.9725,8.4326,0.924,10.4801
1.921,12.1393,3.8173,14.1884
-0.9729,11.5223,0.9233,13.57
-2.4196,11.2132,-0.5237,13.2621
-3.8665,10.903,-1.9701,12.9543
1.9177,10.591,3.814,12.6398
-0.9763,9.9749,0.9202,12.0214
1.9158,13.6801,3.812,15.7293
0.469,13.3722,2.3648,15.4197
-0.9782,13.0639,0.9181,15.1105
-2.4249,12.7553,-0.5291,14.8031
-3.8719,12.4443,-1.9756,14.4957
-5.3139,12.1345,-3.4178,14.1893
1.9129,9.0435,3.8092,11.0918
1.9088,12.1323,3.8051,14.1813
-2.4277,11.2084,-0.5317,13.2564
-3.8743,10.8983,-1.9786,12.9494
-5.3213,10.5875,-3.4247,12.642
-0.9843,9.9708,0.9117,12.0177
-2.4308,9.6615,-0.5355,11.7102
-3.878,9.3521,-1.9819,11.4025
-5.3249,9.0411,-3.4286,11.0965
1.9074,13.6758,3.8034,15.7245
0.4605,13.3681,2.3561,15.4153
-0.9868,13.0601,0.9092,15.107
-2.4335,12.7512,-0.538,14.7995
-3.8764,12.4426,-1.9801,14.4932
1.9195,13.6783,3.7834,15.7209
0.4699,13.3707,2.3339,15.4112
1.9162,9.0435,3.7799,11.0862
0.4705,8.737,2.3349,10.7775
-0.9742,8.4295,0.8894,10.4701
-2.4239,8.1205,-0.5598,10.1622
-2.4217,11.2117,-0.5579,13.2534
-3.8668,10.903,-2.0027,12.9474
-5.3158,10.5919,-3.4517,12.6404
-2.4248,9.6681,-0.5612,11.7103
1.9154,13.6822,3.779,15.7242
0.47,13.3756,2.3339,15.4163
-0.9748,13.0685,0.8885,15.1093
-2.4243,12.7597,-0.5605,14.8019
-3.869,12.451,-2.0055,14.4957
-5.3141,12.1414,-3.45,14.1902
-5.3151,13.6912,-3.4511,15.7396
-0.977,13.0777,0.8863,15.1185
-2.4218,12.7703,-0.5589,14.8124
0.4749,10.3107,2.3382,12.3508
-2.4156,8.1609,-0.553,10.2023
0.4766,11.8631,2.3394,13.9032
-0.9688,11.5571,0.8942,13.5964
-5.3083,10.6313,-3.4451,12.6797
-3.8526,10.9274,-1.9896,12.97
-5.3019,10.6169,-3.439,12.6643
-2.405,14.3242,-0.5425,16.3643
-3.8547,14.0158,-1.9918,16.0584
-2.3714,14.3155,-0.5097,16.3565
-0.9217,13.0778,0.9405,15.1173
-2.3666,12.7709,-0.5047,14.812
-5.2613,12.1538,-3.3988,14.2016
-2.3591,12.7749,-0.4966,14.8158
-2.3521,8.1425,-0.4896,10.1833
-5.246,10.6154,-3.3836,12.6627
-5.246,13.7056,-3.3835,15.7531
1.9953,10.5933,3.8583,12.6344
-2.3424,12.7618,-0.4801,14.8025
-3.788,12.454,-1.9249,14.4971
0.5531,13.3644,2.4176,15.405
-0.8918,13.0565,0.9721,15.0968
-2.3373,12.7482,-0.4729,14.7896
0.5554,8.7244,2.4199,10.7648
1.9962,9.0193,3.8608,11.0614
-3.7891,13.9631,-1.9242,16.0071
1.9943,10.5594,3.8592,12.6021
1.9916,13.6486,3.8566,15.6914
-2.3535,14.2661,-0.4891,16.3086
-3.7987,13.9561,-1.9336,16.0014
-5.2431,13.6452,-3.3784,15.6942
1.9815,10.5553,3.8463,12.5992
1.981,13.6463,3.8459,15.69
1.9793,9.0128,3.8444,11.0567
0.5346,8.7049,2.3991,10.7473
-2.3593,8.0867,-0.4951,10.1297
1.9771,12.1027,3.8421,14.1469
0.5322,11.7949,2.397,13.8372
-2.3618,11.1764,-0.497,13.2201
-2.36,14.2675,-0.4952,16.311
-3.809,13.9565,-1.9443,16.0026
-3.814,12.4142,-1.9492,14.4602
1.9678,9.0179,3.8326,11.0619
0.5225,8.7096,2.3876,10.7527
-0.9264,8.4006,0.9382,10.4428
-2.371,8.0913,-0.5066,10.1351
-3.8159,7.7817,-1.9509,9.8278
1.9618,10.5682,3.8266,12.6123
-2.3773,9.6421,-0.5123,11.6863
-2.3794,12.7336,-0.5145,14.7774
-3.824,12.4241,-1.9592,14.4698
1.9543,12.119,3.8195,14.1631
0.5098,11.8114,2.3742,13.8534
1.948,10.5802,3.8129,12.624
0.503,10.2724,2.3678,12.3142
-2.3911,9.6535,-0.5262,11.6969
1.9443,9.0408,3.8089,11.0837
0.4949,8.7321,2.3596,10.7737
-0.9502,8.4237,0.9145,10.4651
-2.395,8.115,-0.5306,10.1574
-2.3991,14.2992,-0.5347,16.341
-3.8446,13.9893,-1.9793,16.0343
-5.2889,13.6779,-3.4244,15.7272
1.9366,10.5943,3.8017,12.6373
-5.2979,12.1393,-3.4329,14.1877
1.9299,9.0555,3.7945,11.0977
0.4845,8.7483,2.3492,10.7885
-3.8575,14.0056,-1.993,16.0495
-5.3023,13.6942,-3.4378,15.7425
1.9194,12.1584,3.7835,14.2002
0.4738,11.8513,2.3383,13.8913
-0.9711,11.5432,0.8927,13.5831
-2.4166,11.2352,-0.5523,13.2763
1.9149,10.6045,3.7789,12.646
0.4697,10.2977,2.3337,12.3375
-2.4209,9.6814,-0.5566,11.7229
-3.8657,9.3722,-2.0017,11.4159
0.472,13.3858,2.3359,15.4261
-0.9774,13.0769,0.8862,15.1174
-2.4228,12.7693,-0.5587,14.81
1.9144,12.1394,3.7786,14.1815
0.4693,11.8332,2.3329,13.8732
-0.9805,11.5245,0.8834,13.565
1.9123,9.0368,3.7756,11.0793
0.4626,8.7292,2.3261,10.7699
-0.9823,8.4225,0.8807,10.463
-2.4284,9.6532,-0.5652,11.695
-2.4279,11.1939,-0.565,13.2364
-5.3222,10.5757,-3.4586,12.6244
0.4648,10.2615,2.3274,12.3019
-0.9806,9.9543,0.8824,11.9956
-2.4296,9.6467,-0.5673,11.6881
-3.875,9.3386,-2.0117,11.3832
-5.3196,9.0292,-3.4567,11.078
1.9137,13.6582,3.7768,15.7006
0.4643,13.3512,2.327,15.3915
-0.9808,13.0445,0.882,15.0851
-2.4257,12.7376,-0.5633,14.779
-3.8753,12.4287,-2.0122,14.4731
-5.3198,12.1192,-3.4571,14.1679
-5.3162,10.5739,-3.4535,12.6224
-5.3139,12.121,-3.451,14.1685
-0.9687,9.961,0.8936,12.0001
-2.4138,9.6544,-0.5519,11.6945
-3.8595,9.3473,-1.9968,11.3898
1.9257,13.664,3.7878,15.7048
0.4801,13.3589,2.3425,15.3976
-0.965,13.0528,0.8968,15.0918
-2.415,12.7456,-0.5527,14.7852
0.4847,8.7267,2.347,10.7654
-0.9649,8.4199,0.897,10.4587
-0.9627,11.5118,0.8992,13.5502
-2.4081,11.2052,-0.5459,13.2449
-3.8532,10.8978,-1.9913,12.9399
-2.4092,14.2966,-0.547,16.3361
-3.8544,13.9891,-1.9925,16.0317
-5.2999,13.681,-3.4373,15.7268
-0.952,11.5265,0.9095,13.5648
-2.398,11.2201,-0.5356,13.2595
-2.394,14.3135,-0.532,16.3526
-3.8434,14.005,-1.9817,16.0472
-2.3899,9.6834,-0.5285,11.7227
-3.8398,9.3755,-1.9777,11.4173
1.9512,13.6934,3.8136,15.7331
0.5017,13.3874,2.3633,15.4258
-0.9442,13.0815,0.9181,15.1196
-2.3894,12.7754,-0.5278,14.8148
-3.835,12.4687,-1.9729,14.5101
-5.2845,12.1589,-3.4222,14.2051
-2.3848,11.2387,-0.5231,13.2781
-3.8304,10.9317,-1.9682,12.9735
-5.2752,10.6234,-3.4135,12.6694
-2.3813,14.3321,-0.5197,16.3717
-3.8313,14.0242,-1.9691,16.0662
-3.8245,9.3852,-1.9627,11.4279
-5.2699,9.0772,-3.4077,11.1235
-5.2696,12.1652,-3.4075,14.2113
-3.8197,7.8348,-1.9583,9.8776
-0.9248,11.5372,0.9367,13.5763
-2.3704,11.2315,-0.5084,13.2711
-3.8154,10.9243,-1.9537,12.967
-3.8064,10.9118,-1.9443,12.9551
-5.2512,10.6033,-3.3893,12.6508
-0.8906,8.4166,0.9716,10.456
-2.3399,8.1091,-0.478,10.1498
-5.2286,12.1216,-3.3661,14.1683
2.0059,9.0194,3.8685,11.0603
-2.3343,8.0999,-0.4722,10.1401
2.0057,12.1315,3.8705,14.1751
-2.3335,9.6585,-0.4691,11.7006
0.5618,13.3657,2.426,15.4064
-0.888,13.0565,0.9769,15.0975
-2.333,12.7476,-0.4684,14.7896
2.0044,10.5793,3.8692,12.622
0.5547,10.2701,2.4198,12.3115
1.9975,9.0328,3.8626,11.0756
0.5523,8.7246,2.4174,10.766
-0.8928,8.4164,0.9722,10.4569
-3.7826,7.797,-1.9173,9.8418
1.9989,12.124,3.8639,14.1669
0.5537,11.8159,2.4187,13.8574
-0.8913,11.5074,0.9736,13.5484
-2.3407,11.1971,-0.4757,13.2396
-2.351,14.291,-0.4861,16.3341
-3.7962,13.9808,-1.9305,16.0267
-0.9082,9.9669,0.957,12.0091
1.9818,13.6759,3.8476,15.72
-3.8015,12.438,-1.9362,14.484
-5.2463,12.1262,-3.3805,14.1764
1.9802,9.0443,3.8458,11.089
0.5354,8.7363,2.4008,10.7791
-0.9135,8.4264,0.9515,10.4689
-3.803,7.8067,-1.9378,9.8526
1.9761,12.1353,3.8413,14.1794
0.5311,11.8268,2.3968,13.8697
-0.9135,11.5182,0.9516,13.5605
-2.3586,11.2083,-0.4929,13.2525
-3.8073,10.8974,-1.9421,12.9435
-3.8093,13.9883,-1.9438,16.0346
1.95593,13.80346,3.81997,15.84658
0.5107,13.49619,2.37503,15.53802
-0.93411,13.18874,0.92982,15.23026
-2.38318,12.87951,-0.51921,14.92237
1.95738,9.173,3.82169,11.21693
0.51224,8.86601,2.37664,10.90799
-0.9366,8.55743,0.92701,10.59924
-5.27571,10.72008,-3.41137,12.76947
-2.38311,14.432,-0.51909,16.47491
-3.82776,14.12322,-1.96376,16.16828
-5.27243,13.81253,-3.40813,15.86199
-3.82771,12.58536,-1.96354,14.63046
-5.27245,12.27497,-3.40798,14.3243
-0.934,8.57288,0.92991,10.61453
-2.38345,8.26418,-0.5193,10.30639
-3.82808,7.95466,-1.96416,10.00024
1.95639,13.82963,3.8201,15.87205
0.51083,13.52213,2.37536,15.56385
-0.9339,13.21466,0.92985,15.25609
-2.38335,12.90542,-0.51939,14.94773
1.95796,9.18941,3.82201,11.23193
0.51275,8.88227,2.37674,10.92345
-0.93637,8.57398,0.92734,10.6147
-2.38152,8.26559,-0.51754,10.30768
-3.82669,7.95641,-1.96241,10.00102
1.95663,10.72604,3.82056,12.76819
0.51127,10.41913,2.37529,12.45952
1.95505,9.17363,3.8189,11.21555
0.50942,8.86685,2.37379,10.90721
-0.93531,8.55902,0.9281,10.59921
-0.935,11.64771,0.92873,13.68785
-2.38033,11.33995,-0.51639,13.38123
-3.82958,11.02966,-1.9658,13.07367
1.95893,10.71192,3.82289,12.75401
-0.93579,10.09685,0.92759,12.13677
-3.82715,12.56779,-1.96368,14.61103
1.95797,9.16013,3.82166,11.2016
0.51261,8.85294,2.37642,10.893
-0.93696,8.54525,0.92682,10.58418
-2.38216,8.23697,-0.51847,10.27818
1.95736,10.6972,3.8217,12.73862
0.5125,10.39002,2.37594,12.43013
-0.93746,10.08229,0.92652,12.12198
-2.38222,9.77405,-0.51883,11.81513
-3.82769,9.46534,-1.96356,11.50878
0.51192,13.47785,2.37527,15.51862
-0.93382,13.17131,0.93027,15.21043
-2.38294,12.86208,-0.51953,14.90348
-3.82812,12.55346,-1.96431,14.59668
-5.27318,12.2431,-3.40892,14.29096
-3.82724,14.07994,-1.96362,16.12468
-5.27674,13.76884,-3.41234,15.81768
0.51056,8.81828,2.37448,10.85944
-0.93412,8.51071,0.92918,10.55234
-2.38389,8.20202,-0.51988,10.24441
1.95745,12.2146,3.82119,14.2576
0.51225,11.90776,2.37617,13.94902
-0.93662,11.59971,0.92654,13.64102
-2.38185,11.2918,-0.51802,13.33436
-5.2757,10.67233,-3.41157,12.7212
1.95773,10.6666,3.82145,12.71001
1.95769,13.75666,3.82184,15.79954
0.513,13.44962,2.37636,15.4914
-0.9366,13.14195,0.92711,15.18284
-2.38129,12.83378,-0.51797,14.87656
1.95609,9.12056,3.82014,11.16352
0.51133,8.81381,2.37465,10.85547
-0.93387,8.50643,0.92991,10.54763
-2.38287,8.19781,-0.51963,10.24033
1.95857,12.21081,3.82233,14.25407
-0.93582,11.59567,0.92772,13.63745
-2.3807,11.28833,-0.51748,13.33052
-3.83005,10.97847,-1.9662,13.02365
-2.38232,14.37791,-0.51898,16.42017
-3.82757,14.06917,-1.96355,16.11406
-5.27639,13.75801,-3.4127,15.80719
-0.93643,13.14204,0.92736,15.18292
-5.2753,12.21468,-3.41142,14.26352
-0.93428,8.5086,0.92946,10.54906
-2.38333,8.19963,-0.52008,10.24178
-2.38279,14.38124,-0.51922,16.42274
-3.82787,14.07251,-1.96413,16.11672
1.95524,13.76196,3.81891,15.80419
0.50989,13.45543,2.37367,15.49559
-0.93514,13.14796,0.92824,15.18842
-2.38026,12.84055,-0.51694,14.88169
-3.8297,12.53081,-1.96599,14.57471
-5.2748,12.2208,-3.41081,14.26889
1.95557,12.2208,3.8198,14.26266
-3.82804,9.45057,-1.96427,11.49414
-5.27303,9.14083,-3.40927,11.18821
-2.38303,9.77315,-0.51937,11.81401
0.50946,13.48031,2.37276,15.52036
-0.93616,13.17346,0.92753,15.21292
-2.38111,12.86553,-0.51786,14.90649
-3.82635,12.55698,-1.96264,14.60019
-0.9341,8.54368,0.92946,10.58325
-2.38345,8.2344,-0.52007,10.27593
-3.82869,7.92628,-1.96499,9.96924
-5.27303,10.70886,-3.40886,12.7566
-5.27553,13.80097,-3.41174,15.84848
0.51289,13.4978,2.37631,15.53832
-0.93684,13.19016,0.92679,15.22992
-2.38177,12.88229,-0.51853,14.92373
0.51221,8.86871,2.37575,10.90958
-0.93743,8.56071,0.92617,10.6011
-2.38242,8.25275,-0.5191,10.29461
-3.82608,14.13023,-1.96247,16.17419
-5.27495,13.81913,-3.41151,15.86782
1.95729,12.2613,3.82072,14.30398
0.51195,11.95481,2.37563,13.99603
-0.93657,11.63428,0.92653,13.67541
-2.38176,11.32676,-0.51826,13.36881
1.95732,13.78657,3.82047,15.82919
0.51058,11.92976,2.37329,13.97058
-2.37977,11.31516,-0.51666,13.3567
-2.38085,12.85534,-0.51764,14.89638
-3.82582,12.54667,-1.96257,14.59058
1.9564,10.71173,3.82096,12.7548
0.51115,10.40377,2.37588,12.44566
-0.93371,10.09579,0.93058,12.13704
-0.9376,8.54783,0.92713,10.58938
-2.3824,8.23937,-0.51813,10.28148
1.95592,12.25398,3.82085,14.29705
0.51111,11.94649,2.37538,13.98769
-0.9336,11.64163,0.93056,13.6819
-2.38336,11.33232,-0.51868,13.37367
-2.38088,14.42364,-0.51614,16.46558
1.95734,10.71537,3.82173,12.75736
1.95584,13.80607,3.82027,15.84822
0.51035,13.49827,2.37501,15.53915
1.95438,12.26591,3.81897,14.30814
-2.38021,14.43398,-0.51585,16.476
-3.82968,14.12346,-1.96491,16.16813
1.95565,9.18143,3.82023,11.22415
-0.9344,8.56617,0.92983,10.60741
-2.38344,8.25643,-0.51953,10.29929
-3.82852,7.94702,-1.96385,9.99226
-3.8264,14.12183,-1.96183,16.16728
-5.27527,13.81035,-3.41087,15.85947
1.9554,9.15787,3.82007,11.20187
-0.93424,8.54301,0.92969,10.58482
-2.38347,8.23347,-0.5192,10.27673
1.95737,12.24609,3.82191,14.28984
0.51258,11.93886,2.37685,13.98083
-0.93666,11.62998,0.92747,13.67213
-5.27559,10.70078,-3.41061,12.75055
-2.384,14.40878,-0.51972,16.45187
-3.82839,14.09938,-1.96445,16.1449
1.95861,13.78038,3.82276,15.82378
0.50908,13.47187,2.37352,15.51452
-0.93552,13.16448,0.9284,15.20605
-2.38042,12.85586,-0.51637,14.89923
-3.8299,12.5458,-1.96524,14.5914
1.95745,9.13954,3.82202,11.18358
0.50848,8.83164,2.37243,10.87356
-2.38406,14.3909,-0.51973,16.43403
-3.82859,14.08177,-1.96466,16.12731
-5.27348,13.7709,-3.40878,15.82076
1.9568,10.67506,3.82139,12.7188
-2.38188,9.75109,-0.51788,11.79414
-3.82698,9.44198,-1.96264,11.4874
1.95696,13.76387,3.82094,15.80707
1.95538,12.21251,3.81951,14.25548
0.51028,11.90506,2.37435,13.94676
-0.93472,11.59782,0.92927,13.63877
-2.3839,11.28848,-0.51999,13.3311
-3.82879,9.42944,-1.96439,11.47389
1.9573,13.75149,3.82197,15.79438
0.51254,13.44457,2.37629,15.48538
-2.38243,8.18895,-0.51827,10.23089
-0.93518,11.58669,0.92852,13.62705
-2.38067,11.27843,-0.51622,13.31989
-3.82986,10.96819,-1.96583,13.0125
-5.27503,10.65787,-3.41049,12.70604
-2.37995,14.36756,-0.51593,16.40929
-3.82945,14.05768,-1.96535,16.10181
-2.38196,9.73083,-0.51814,11.772
1.95593,9.10718,3.82001,11.14862
-0.93439,8.49295,0.92931,10.53285
-2.37985,8.18451,-0.51567,10.22584
0.51144,11.89008,2.37508,13.93003
-0.93409,11.58239,0.93,13.62251
-2.38316,11.27375,-0.51967,13.31428
-3.82863,10.96439,-1.96437,13.00823
-2.3827,14.36399,-0.51842,16.40432
-3.82743,14.05483,-1.96374,16.09847
-5.2728,13.74448,-3.40826,15.79212
-0.93714,10.03685,0.92648,12.07626
-2.38251,9.72822,-0.51851,11.76968
-3.82737,9.41916,-1.96362,11.46271
0.51056,13.4342,2.37438,15.47437
-0.93499,13.12692,0.92912,15.16653
-2.37992,12.81896,-0.51633,14.85968
1.95596,12.19683,3.81995,14.23872
0.51076,11.8899,2.37459,13.92999
-0.93425,11.58274,0.92923,13.62216
-2.37986,11.27429,-0.51568,13.31573
1.9586,13.74571,3.82232,15.78741
0.50884,13.43779,2.37293,15.47815
-0.93598,13.13039,0.92743,15.17055
-2.38142,12.82245,-0.51744,14.86358
-5.27605,12.20225,-3.41136,14.25022
1.95765,9.11288,3.82132,11.15495
1.95783,12.20453,3.82196,14.24661
-3.82684,10.97251,-1.96272,13.01658
-5.27593,10.66102,-3.41179,12.70979
-3.82657,14.06401,-1.96266,16.10811
-5.27573,13.75252,-3.41163,15.80136
0.51135,8.82078,2.37508,10.86144
-2.38264,8.20407,-0.51926,10.24655
1.95462,12.2201,3.81878,14.26272
-2.37997,11.29767,-0.51666,13.34021
-2.38347,12.85495,-0.51943,14.89713
-0.93669,13.19452,0.92744,15.23536
-2.38115,12.88633,-0.51793,14.92886
-2.38118,11.34647,-0.51768,13.38839
-5.27518,10.72599,-3.41127,12.77493
-2.38069,14.43644,-0.5165,16.4782
-3.82958,14.12606,-1.96596,16.17126
0.51118,11.96502,2.37476,14.00544
-0.93404,11.65785,0.92966,13.69814
-2.38331,11.34892,-0.51987,13.39052
-2.37973,14.4409,-0.51651,16.48218
-3.82949,14.13133,-1.96539,16.17513
-5.2738,9.18966,-3.40998,11.23751
-2.38207,12.89854,-0.51816,14.93932
-3.82692,12.58925,-1.96339,14.63341
-5.2744,12.27251,-3.4103,14.31986
-0.93683,8.56326,0.92702,10.60323
-2.38351,14.43555,-0.52024,16.47622
-3.82882,14.12662,-1.96487,16.16997
-0.93536,8.56444,0.92793,10.60434
-0.9342,11.65555,0.92894,13.69559
-2.37979,11.3477,-0.51581,13.38899
-5.27424,10.72797,-3.40975,12.77585
-2.38283,14.43811,-0.51901,16.47936
-3.82771,14.12917,-1.96425,16.1734
-5.27242,12.27652,-3.40831,14.32444
-0.93377,8.57124,0.92961,10.61207
-2.38336,8.26224,-0.51964,10.30464
-3.828,7.95323,-1.96473,9.99853
-0.9371,11.66112,0.92648,13.70159
-2.38217,11.35294,-0.51857,13.39568
-3.82665,11.04417,-1.96352,13.08945
-5.27616,10.73334,-3.41205,12.78234
-2.3798,14.44109,-0.51607,16.48333
-2.38051,12.88639,-0.51703,14.92903
-3.82969,12.57635,-1.96606,14.62198
-5.27441,12.26694,-3.41077,14.31589
-0.9337,8.55452,0.92961,10.59623
-2.38315,8.24557,-0.5196,10.28842
-3.828,7.93692,-1.96444,9.98205
-2.38321,11.33417,-0.52003,13.37674
-2.38241,14.42224,-0.51923,16.46515
-3.82745,14.11394,-1.96378,16.15874
-5.27207,13.804,-3.40842,15.85322
-0.93339,8.54059,0.9296,10.58158
-0.93324,11.62909,0.93005,13.6702
-2.38247,11.32048,-0.51913,13.36275
-2.38103,12.86013,-0.51805,14.90217
0.50951,8.83801,2.37305,10.87934
-2.38086,14.42171,-0.51637,16.46379
-3.83015,14.11127,-1.96582,16.15614
-0.93759,13.19017,0.92659,15.2314
-2.38251,12.88157,-0.51827,14.92393
-2.38039,14.43014,-0.51565,16.47226
0.51038,8.87739,2.37479,10.91796
-2.38003,8.26137,-0.51581,10.3027
0.50839,11.96935,2.37268,14.00933
1.95521,10.73259,3.81958,12.77425
-0.93702,8.56502,0.92777,10.60542
-2.38171,8.25693,-0.51796,10.29799
1.95532,12.26949,3.81983,14.31156
0.5117,10.4158,2.37566,12.45564
-2.38301,9.79859,-0.51889,11.83967
1.95449,13.81167,3.81917,15.85377
-0.93592,13.19674,0.92872,15.23751
-2.38071,12.88836,-0.51679,14.92984
-3.83018,12.57789,-1.96593,14.62271
1.95835,9.1766,3.82264,11.21927
-0.93612,8.56104,0.92748,10.601
-2.3815,8.25225,-0.51708,10.2943
-3.82615,7.9432,-1.96212,9.98769
-5.27413,10.72255,-3.40937,12.77117
-2.38308,14.43339,-0.51852,16.47575
-3.82767,14.12431,-1.96372,16.16867
1.95841,10.724,3.82254,12.7671
-0.93583,10.10837,0.92775,12.14919
-2.38116,9.79977,-0.51679,11.84231
1.95644,13.81448,3.82048,15.85737
0.51091,13.50721,2.37553,15.54859
-0.93378,13.1994,0.92991,15.24056
-2.3834,12.89006,-0.5191,14.93261
1.957,9.18217,3.8215,11.22535
0.51202,8.87511,2.37622,10.91654
-0.93728,8.56628,0.92679,10.60798
-2.38217,8.25823,-0.51811,10.30067
-3.82678,7.94923,-1.96294,9.99428
1.95486,12.27371,3.81924,14.31691
-2.38014,11.35013,-0.51585,13.3932
-2.38361,14.44163,-0.52008,16.48442
-3.829,14.13234,-1.96429,16.17789
-2.38364,9.80617,-0.51965,11.84877
-5.27338,9.18615,-3.40873,11.23594
-0.93364,13.20388,0.93031,15.24598
-2.38289,12.89476,-0.51877,14.9377
-3.82742,12.58587,-1.96366,14.63118
1.95541,9.18112,3.8199,11.22478
-2.38325,8.25741,-0.51947,10.3004
1.95817,12.27134,3.82233,14.31525
0.50884,11.96346,2.37307,14.00537
-0.93586,11.65548,0.92783,13.69765
-2.38091,11.34755,-0.51676,13.39061
1.95793,10.72371,3.82182,12.76732
0.50845,10.41558,2.37271,12.45789
-0.93614,10.10836,0.92746,12.14995
-2.38138,9.79994,-0.51714,11.84324
1.95627,13.81354,3.82036,15.8567
-0.93367,13.19872,0.93029,15.24051
-2.38271,12.88987,-0.51902,14.93275
1.9574,9.17911,3.82125,11.22234
-0.93678,8.56343,0.92679,10.605
-2.38205,8.25543,-0.51788,10.29828
-3.82663,7.94637,-1.96272,9.99159
1.95861,12.26951,3.82294,14.31299
0.50954,11.96172,2.37326,14.00337
-0.93566,11.65422,0.92852,13.69577
-2.38039,11.34603,-0.5166,13.38889
1.95736,9.1826,3.82154,11.22521
0.51226,8.87589,2.37626,10.91652
-0.93689,8.5673,0.9267,10.6083
-2.38234,8.2592,-0.51809,10.30111
-3.82704,7.95013,-1.96329,9.9948
-2.38005,14.44114,-0.51596,16.48294
-3.82911,14.13137,-1.96536,16.1754
-0.93366,11.66302,0.93014,13.70269
-2.38314,11.35406,-0.51928,13.39523
-2.38084,14.4433,-0.5169,16.48407
-3.82591,14.13412,-1.96213,16.17779
-5.27543,13.82327,-3.4111,15.8706
-3.82745,12.58533,-1.96337,14.62957
-5.27247,12.27569,-3.4083,14.32257
1.95831,9.18054,3.8226,11.22232
0.5091,8.87274,2.37246,10.91232
-0.93676,8.56593,0.92737,10.60506
0.51228,11.96301,2.37623,14.00264
-0.93727,11.65526,0.92636,13.69428
-2.38271,11.34682,-0.51878,13.38781
-5.27298,10.72832,-3.4086,12.77544
1.95714,9.18759,3.82121,11.22926
0.51226,8.8807,2.37559,10.92078
-0.93769,8.57324,0.92622,10.61249
-2.38259,8.26468,-0.51917,10.30616
-0.93674,11.66343,0.92687,13.70341
-2.38171,11.35598,-0.51846,13.39682
-3.82709,11.04681,-1.963,13.09081
1.95805,10.72441,3.82184,12.76637
0.51291,10.41777,2.3764,12.45827
-0.93667,10.10964,0.92703,12.1502
-2.3815,9.80178,-0.51822,11.84343
-3.82701,9.49289,-1.96286,11.53719
-5.27593,9.18203,-3.41216,11.2302
1.95714,13.81231,3.82117,15.85464
0.51212,13.50539,2.3756,15.54617
-0.93758,13.19735,0.92612,15.23775
-2.38234,12.88946,-0.5191,14.93116
1.95618,9.1746,3.81997,11.21711
0.51119,8.86768,2.37467,10.90873
-0.9341,8.56094,0.92957,10.60139
-2.38321,8.25193,-0.51999,10.29405
-2.38076,11.34332,-0.51718,13.38536
-3.8303,11.03329,-1.96625,13.07829
-5.27478,10.72348,-3.4113,12.77197
-2.38265,14.43424,-0.51925,16.47612
-3.828,14.12553,-1.96393,16.17014
-5.27237,13.81494,-3.40887,15.86425
-3.82823,9.49453,-1.96439,11.53917
-3.82839,12.58729,-1.96443,14.63222
-5.27301,12.27695,-3.40914,14.32623
1.95929,9.18382,3.82261,11.22726
0.50973,8.87654,2.37327,10.91776
-0.93513,8.56936,0.92827,10.61104
-2.37978,8.26144,-0.51659,10.30416
-2.38011,11.35011,-0.5168,13.39256
-3.82951,11.04028,-1.96566,13.08561
-2.38057,9.80138,-0.51664,11.84418
-3.8293,9.49171,-1.96604,11.53693
-3.82896,12.58223,-1.96549,14.62759
1.9555,9.18125,3.81886,11.22413
-0.93447,8.5674,0.92861,10.60884
-2.37965,8.25976,-0.51605,10.30209
-0.93482,11.65924,0.92857,13.70079
-2.37986,11.35173,-0.51647,13.39384
-5.27364,10.7322,-3.40986,12.78105
-2.37962,14.44415,-0.51604,16.48602
-3.82881,14.1344,-1.9652,16.17932
-5.27368,13.82445,-3.40992,15.87337
-5.27341,12.28401,-3.40942,14.33277
-5.27593,10.7304,-3.41183,12.77813
-2.38233,14.43746,-0.51922,16.47914
-3.82787,14.12879,-1.96384,16.17305
-5.27249,13.81874,-3.40889,15.86713
-2.3823,14.43442,-0.5191,16.47513
-3.82779,14.12604,-1.96395,16.16909
0.50892,13.50938,2.3727,15.54844
-0.93609,13.20197,0.92705,15.24153
-2.3815,12.89449,-0.51806,14.93471
-5.27613,12.27515,-3.41251,14.32199
-0.93643,10.11621,0.92687,12.15612
-2.38176,9.80884,-0.5184,11.84908
-3.82714,9.50014,-1.96337,11.54323
-5.27628,9.18927,-3.41269,11.23643
-3.82845,7.95056,-1.96489,9.9937
-2.37995,11.3489,-0.51665,13.39005
-3.82957,11.03952,-1.96599,13.08267
-5.27468,10.72942,-3.41078,12.77706
-2.37964,14.43891,-0.51645,16.47999
-3.82926,14.12975,-1.96568,16.17285
-0.93506,8.56631,0.92823,10.60709
-2.3804,8.25883,-0.51688,10.30022
-3.8299,7.94924,-1.96618,9.99348
0.51158,11.96457,2.37473,14.00558
-0.93391,11.65776,0.92982,13.69803
-2.38284,11.34885,-0.52,13.39117
-2.37929,14.4412,-0.51627,16.483
-3.82901,14.13173,-1.96515,16.1761
-5.27355,13.82188,-3.41012,15.87063
-0.93391,10.11707,0.92957,12.15791
-2.38302,9.80842,-0.52,11.85059
-3.82824,9.49996,-1.96442,11.54417
-5.27271,9.19001,-3.40934,11.2387
0.51297,13.51523,2.37647,15.55654
-0.93628,13.20734,0.92692,15.24829
-2.3811,12.89997,-0.51815,14.94192
-3.82643,12.59132,-1.96262,14.63618
-5.27529,12.28047,-3.41186,14.32943
-0.93468,8.57158,0.92902,10.61359
-2.38345,8.2631,-0.52065,10.30574
-3.82861,7.95516,-1.96493,9.99964
-0.93507,11.66068,0.92853,13.70188
-2.37966,11.35287,-0.51655,13.39531
-3.82911,11.044,-1.9655,13.08842
-5.2738,10.73426,-3.40998,12.7831
-2.38268,14.44144,-0.51953,16.48409
-3.82775,14.13307,-1.96416,16.17808
-5.27256,13.82299,-3.40866,15.8723
-2.38348,9.80202,-0.52052,11.84472
-3.8285,9.49351,-1.96509,11.53864
-0.93328,13.19983,0.92985,15.24083
-2.38277,12.89103,-0.51936,14.93426
-3.82726,12.58228,-1.96429,14.628
1.95784,9.17669,3.82128,11.21949
1.95769,10.72112,3.82111,12.76396
0.51269,10.41479,2.37584,12.45605
-2.38152,9.79931,-0.51861,11.84164
-2.3815,12.89046,-0.51838,14.93264
-3.82684,12.58205,-1.96301,14.62653
-5.27558,12.2715,-3.4123,14.32027
-5.27637,12.26273,-3.41301,14.31052
1.95657,10.72294,3.8209,12.76461
0.50898,13.50903,2.37309,15.54904
-0.93618,8.57831,0.92779,10.61795
-0.93694,11.66959,0.92697,13.70967
-2.38249,11.36088,-0.51789,13.40258
1.95525,10.72274,3.81938,12.76465
0.50997,10.41545,2.37417,12.45599
1.95584,13.81075,3.82025,15.85293
0.51072,13.50361,2.37474,15.54422
1.9551,9.17296,3.81903,11.21556
-0.93481,11.64405,0.9294,13.68509
1.95619,10.7096,3.82075,12.75261
1.95818,13.80068,3.82219,15.8434
0.509,13.49274,2.37273,15.53395
-0.93622,13.18528,0.92801,15.22658
-2.38105,12.87715,-0.51724,14.9196
1.9563,9.16436,3.8203,11.20777
0.51124,8.85737,2.37544,10.89924
-0.93355,8.5497,0.93017,10.59157
1.95901,12.25473,3.8229,14.29793
-2.38138,14.42197,-0.51744,16.46488
-3.8261,14.11302,-1.96206,16.15847
1.95627,10.7172,3.82045,12.76065
1.95862,13.81193,3.82234,15.85573
0.50913,13.50413,2.37331,15.54609
-0.93548,13.1969,0.92794,15.23842
-2.38073,12.88859,-0.51648,14.93165
-3.82948,12.57859,-1.96578,14.62403
1.9586,9.16483,3.82264,11.20866
0.50926,8.85679,2.37322,10.89922
0.51105,8.84168,2.37438,10.88345
-0.93406,8.5345,0.92952,10.57572
1.95718,12.24042,3.82109,14.28381
-2.3831,14.40852,-0.51933,16.45082
-3.82792,14.09976,-1.96422,16.14443
-5.27329,13.78863,-3.4087,15.83834
1.956,12.26451,3.82017,14.30653
0.51113,11.95763,2.3745,13.99792
-0.93425,11.65039,0.92939,13.69036
-2.38374,11.34141,-0.52006,13.38289
-2.38112,14.43695,-0.51725,16.47808
-3.83028,14.12702,-1.9668,16.17071
1.95485,9.1672,3.81882,11.20877
0.50957,8.86025,2.37326,10.90011
-2.38104,8.24492,-0.51739,10.28582
-0.93589,11.64135,0.92753,13.68088
-2.38147,11.33323,-0.51755,13.37408
-3.82643,11.02424,-1.96302,13.06757
-2.382,9.79143,-0.51888,11.83228
1.95763,9.18033,3.82121,11.22203
0.51253,8.87287,2.37573,10.91342
-0.93741,8.56538,0.9262,10.60485
-3.82757,7.94848,-1.96387,9.99261
-2.38024,14.43614,-0.5167,16.47745
-3.82917,14.12621,-1.96622,16.17076
-0.93418,13.1911,0.92901,15.23182
-2.3835,12.88228,-0.52014,14.92432
-3.8283,12.57359,-1.9651,14.61819
-5.2735,12.26363,-3.40946,14.31224
1.95598,9.16695,3.81926,11.20951
-3.82867,7.93577,-1.96528,9.98104
0.50954,11.94999,2.37297,13.99113
1.95589,13.80699,3.81908,15.85008
0.51061,13.50077,2.37397,15.54185
-0.93462,13.19313,0.92887,15.23495
-2.38355,12.88471,-0.52073,14.92721
1.95695,9.17944,3.81995,11.22237
0.51167,8.87264,2.37512,10.91423
-0.93726,8.56476,0.92546,10.60615
-2.38255,8.25738,-0.51918,10.29957
-3.82747,7.94867,-1.96413,9.99383
-0.93576,11.65965,0.92723,13.70116
-2.38074,11.35194,-0.51774,13.39452
-3.83031,11.04233,-1.96658,13.08746
-2.38191,14.43943,-0.51904,16.48256
-3.82704,14.13098,-1.96354,16.17585
-0.93393,10.10565,0.92908,12.14713
-2.38339,9.79675,-0.51998,11.83955
-3.8285,9.48813,-1.96498,11.53333
1.95612,9.11593,3.81932,11.1593
0.5113,8.80949,2.37425,10.85113
-0.93388,8.50278,0.92936,10.54405
-2.3829,8.19411,-0.51999,10.2368
1.95563,12.19081,3.81853,14.23403
-0.93457,11.57715,0.92848,13.619
-2.38378,11.26888,-0.52095,13.31124
-2.38444,14.34437,-0.52067,16.38678
-3.82871,14.03583,-1.96615,16.08074
1.95797,13.67452,3.82154,15.71667
0.50872,13.36688,2.37177,15.40812
-0.93624,13.06011,0.92674,15.10058
1.95559,9.00861,3.81912,11.05055
0.51085,8.70183,2.3735,10.74262
-2.38095,14.2459,-0.51821,16.28714
1.95625,10.55552,3.82063,12.59841
0.51123,10.24821,2.37531,12.28872
1.95708,12.1805,3.8217,14.22179
-2.3815,14.3644,-0.51758,16.4056
-3.82682,14.05514,-1.96261,16.0986
-5.27614,13.74321,-3.41164,15.79097
